{
  "meta": {
    "device": "cpu",
    "model_path": "final_model.pt",
    "num_clients": 10,
    "timestamp": "2026-03-04T22:30:48.106171",
    "pytorch": "2.8.0",
    "real_testdata": true
  },
  "model_profile": {
    "parameters": 920013,
    "trainable_parameters": 920013,
    "state_dict_raw_bytes": 3739937,
    "state_dict_gzip_bytes": 3436454,
    "compression_ratio": 1.09,
    "param_memory_bytes": 3680052,
    "buffer_memory_bytes": 15352
  },
  "inference": {
    "batch_1": {
      "mean_ms": 1.946,
      "std_ms": 0.067,
      "per_sample_ms": 1.9458
    },
    "batch_8": {
      "mean_ms": 3.494,
      "std_ms": 0.035,
      "per_sample_ms": 0.4367
    },
    "batch_32": {
      "mean_ms": 308.657,
      "std_ms": 4.073,
      "per_sample_ms": 9.6455
    },
    "batch_128": {
      "mean_ms": 887.906,
      "std_ms": 15.237,
      "per_sample_ms": 6.9368
    }
  },
  "inference_real": {
    "n_samples": 4302,
    "n_batches": 34,
    "full_pass_mean_ms": 29994.7,
    "per_sample_ms": 6.9723,
    "throughput_sps": 143.0
  },
  "full_evaluation": {
    "loss": 0.32289742196307464,
    "accuracy": 0.8702463970246397,
    "f1_macro": 0.7301716926795877,
    "f1_weighted": 0.7615537342231335,
    "precision_macro": 0.6987679195032839,
    "recall_macro": 0.7682605109053611,
    "specificity_macro": 0.8900702492632568,
    "auc_macro": 0.91341039094249,
    "superclass_names": [
      "NORM",
      "MI",
      "STTC",
      "CD",
      "HYP"
    ],
    "per_class_precision": [
      0.8050139275766016,
      0.6637931034482759,
      0.7153218495013599,
      0.7741585233441911,
      0.5355521936459909
    ],
    "per_class_recall": [
      0.9040667361835245,
      0.7770642201834862,
      0.7727717923604309,
      0.7194752774974773,
      0.6679245283018868
    ],
    "per_class_f1": [
      0.8516699410609038,
      0.7159763313609467,
      0.7429378531073446,
      0.74581589958159,
      0.5944584382871536
    ],
    "per_class_specificity": [
      0.8238255033557047,
      0.8664383561643836,
      0.9042974702834502,
      0.9371790999697976,
      0.9186108165429481
    ],
    "per_class_auc": [
      0.938950406253718,
      0.9057516537754066,
      0.9265572325868735,
      0.9125231889177164,
      0.8832694731787352
    ],
    "per_class_support": [
      1918,
      1090,
      1021,
      991,
      530
    ],
    "per_class_cm": [
      {
        "TP": 1734,
        "FP": 420,
        "FN": 184,
        "TN": 1964
      },
      {
        "TP": 847,
        "FP": 429,
        "FN": 243,
        "TN": 2783
      },
      {
        "TP": 789,
        "FP": 314,
        "FN": 232,
        "TN": 2967
      },
      {
        "TP": 713,
        "FP": 208,
        "FN": 278,
        "TN": 3103
      },
      {
        "TP": 354,
        "FP": 307,
        "FN": 176,
        "TN": 3465
      }
    ],
    "optimal_thresholds": [
      0.5100000000000001,
      0.29000000000000004,
      0.43000000000000005,
      0.4700000000000001,
      0.39000000000000007
    ],
    "confusion_matrix": [
      [
        1731,
        30,
        56,
        72,
        29
      ],
      [
        174,
        414,
        231,
        235,
        36
      ],
      [
        124,
        32,
        473,
        57,
        61
      ],
      [
        79,
        8,
        14,
        308,
        16
      ],
      [
        58,
        1,
        7,
        6,
        50
      ]
    ],
    "num_samples": 4302,
    "num_classes": 5,
    "evaluation_time_ms": 30757.6
  },
  "training": {
    "total_samples": 2560,
    "elapsed_s": 21.6263,
    "samples_per_sec": 118.0,
    "ms_per_batch": 1081.3,
    "batch_size": 128,
    "device": "cpu"
  },
  "serialization": {
    "serialize_ms": 2.752,
    "gzip_compress_ms": 91.398,
    "gzip_decompress_ms": 7.729,
    "deserialize_ms": 1.955,
    "round_trip_ms": 103.834,
    "raw_bytes": 3739937,
    "compressed_bytes": 3436454
  },
  "aggregation": {
    "num_clients": 10,
    "mean_ms": 4.914,
    "std_ms": 0.268
  },
  "vote_computation": {
    "mean_us": 18.1
  },
  "per_round_overhead": {
    "aggregation_ms": 5.06,
    "serialization_ms": 95.53,
    "payload_build_ms": 1.192,
    "total_compute_ms": 101.78,
    "local_payload_bytes": 310,
    "vote_payload_bytes": 370,
    "global_payload_bytes": 184,
    "model_compressed_bytes": 3428160,
    "model_hash_sha256": "8382feacafac45dc32d5fb1e69228bd32ee4c7d04b44c7884e6e63398a993952"
  },
  "blockchain": {
    "skipped": true,
    "reason": "{'code': -32000, 'message': 'nonce too low: next nonce 289, tx nonce 288'}"
  },
  "ipfs": {
    "skipped": false,
    "pin_ms": 6524.0,
    "fetch_ms": 8236.0,
    "bytes": 3436454,
    "integrity": true,
    "cid": "QmcMpuiBBvu4PjEbCEhfWvanLbiTguTqiUGQPU9NDs8TRJ"
  }
}